customer_id,age,annual_income,engagement_score,region,country,account_status,tenure_months,joined_date
CUS-00000,24,,50.49,West,US,active,23,2022-01-01
CUS-00001,55,,49.37,North,US,active,78,2022-01-02
CUS-00002,50,,39.986,West,US,active,21,2022-01-03
CUS-00003,40,,45.88,West,US,active,81,2022-01-04
CUS-00004,39,,66.835,North,US,active,20,2022-01-05
CUS-00005,59,,70.472,South,US,active,52,2022-01-06
CUS-00006,23,,35.621,West,US,active,97,2022-01-07
CUS-00007,52,,39.349,South,US,active,28,2022-01-08
CUS-00008,29,,34.549,West,US,active,92,2022-01-09
CUS-00009,24,,48.792,West,US,active,86,2022-01-10
CUS-00010,44,,60.996,South,US,active,unknown,2022-01-11
CUS-00011,64,,33.695,North,US,active,unknown,2022-01-12
CUS-00012,53,,39.844,South,US,active,unknown,2022-01-13
CUS-00013,55,,75.823,North,US,active,unknown,2022-01-14
CUS-00014,53,,22.914,South,US,active,unknown,2022-01-15
CUS-00015,56,,47.646,East,US,active,unknown,2022-01-16
CUS-00016,43,,62.693,South,US,active,unknown,2022-01-17
CUS-00017,25,,29.027,North,US,active,unknown,2022-01-18
CUS-00018,58,,22.842,South,US,active,unknown,2022-01-19
CUS-00019,40,,28.292,East,US,active,unknown,2022-01-20
CUS-00020,43,,75.129,,US,active,unknown,2022-01-21
CUS-00021,37,,20.556,,US,active,unknown,2022-01-22
CUS-00022,28,,31.299,,US,active,unknown,2022-01-23
CUS-00023,62,,21.877,,US,active,unknown,2022-01-24
CUS-00024,55,,26.638,,US,active,unknown,2022-01-25
CUS-00025,49,,57.209,,US,active,unknown,2022-01-26
CUS-00026,38,,34.498,,US,active,unknown,2022-01-27
CUS-00027,57,,54.153,,US,active,unknown,2022-01-28
CUS-00028,45,,55.412,,US,active,unknown,2022-01-29
CUS-00029,40,,70.966,,US,active,unknown,2022-01-30
CUS-00030,40,,20.284,,US,active,unknown,2022-01-31
CUS-00031,30,,71.202,,US,active,unknown,2022-02-01
CUS-00032,24,,57.147,,US,active,unknown,2022-02-02
CUS-00033,45,,29.765,,US,active,unknown,2022-02-03
CUS-00034,60,,66.376,,US,active,unknown,2022-02-04
CUS-00035,22,,71.329,,US,active,unknown,2022-02-05
CUS-00036,59,,35.256,,US,active,unknown,2022-02-06
CUS-00037,58,,75.128,,US,active,unknown,2022-02-07
CUS-00038,32,,47.267,,US,active,unknown,2022-02-08
CUS-00039,49,,56.205,,US,active,unknown,2022-02-09
CUS-00040,27,,79.079,,US,active,unknown,2022-02-10
CUS-00041,54,,41.692,,US,active,unknown,2022-02-11
CUS-00042,52,,68.79,,US,active,unknown,2022-02-12
CUS-00043,36,,39.104,,US,active,unknown,2022-02-13
CUS-00044,23,,67.953,,US,active,unknown,2022-02-14
CUS-00045,64,,56.044,,US,active,unknown,2022-02-15
CUS-00046,40,,32.981,,US,active,unknown,2022-02-16
CUS-00047,61,,44.842,,US,active,unknown,2022-02-17
CUS-00048,51,,39.058,,US,active,unknown,2022-02-18
CUS-00049,55,,24.687,,US,active,unknown,2022-02-19
CUS-00050,54,,21.79,,US,active,34,2022-02-20
CUS-00051,28,,40.789,,US,active,57,2022-02-21
CUS-00052,36,,21.142,,US,active,86,2022-02-22
CUS-00053,41,,29.929,,US,active,8,2022-02-23
CUS-00054,42,,63.511,,US,active,96,2022-02-24
CUS-00055,22,,62.485,,US,active,98,2022-02-25
CUS-00056,45,,64.315,,US,active,86,2022-02-26
CUS-00057,27,,39.029,,US,active,78,2022-02-27
CUS-00058,54,,73.401,,US,active,89,2022-02-28
CUS-00059,51,,55.63,,US,active,94,2022-03-01
CUS-00060,62,,27.562,,US,active,108,2022-03-02
CUS-00061,54,,28.623,,US,active,51,2022-03-03
CUS-00062,36,,61.586,,US,active,55,2022-03-04
CUS-00063,64,,30.377,,US,active,76,2022-03-05
CUS-00064,38,,50.438,,US,active,23,2022-03-06
CUS-00065,34,,79.506,,US,active,102,2022-03-07
CUS-00066,61,,20.24,North,US,active,92,2022-03-08
CUS-00067,37,,20.995,West,US,active,76,2022-03-09
CUS-00068,23,,79.585,East,US,active,36,2022-03-10
CUS-00069,41,,55.078,East,US,active,42,2022-03-11
CUS-00070,56,,27.615,North,US,active,52,2022-03-12
CUS-00071,28,,73.838,West,US,active,79,2022-03-13
CUS-00072,41,,72.823,South,US,active,93,2022-03-14
CUS-00073,25,,52.172,North,US,active,80,2022-03-15
CUS-00074,51,,57.308,North,US,active,111,2022-03-16
CUS-00075,41,,36.391,South,US,active,115,2022-03-17
CUS-00076,35,,23.031,North,US,active,84,2022-03-18
CUS-00077,30,,55.674,South,US,active,45,2022-03-19
CUS-00078,45,,37.685,South,US,active,72,2022-03-20
CUS-00079,50,,59.817,West,US,active,51,2022-03-21
CUS-00080,63,,70.175,North,US,active,75,2022-03-22
CUS-00081,40,,21.09,East,US,active,97,2022-03-23
CUS-00082,27,,55.743,West,US,active,44,2022-03-24
CUS-00083,58,,33.877,West,US,active,61,2022-03-25
CUS-00084,48,,72.433,West,US,active,6,2022-03-26
CUS-00085,52,,35.22,North,US,active,88,2022-03-27
CUS-00086,24,,56.646,West,US,active,59,2022-03-28
CUS-00087,34,,53.212,West,US,active,55,2022-03-29
CUS-00088,55,,43.77,South,US,active,64,2022-03-30
CUS-00089,58,,60.657,South,US,active,26,2022-03-31
CUS-00090,40,,63.546,East,US,active,72,2022-04-01
CUS-00091,57,,54.016,South,US,active,89,2022-04-02
CUS-00092,58,,65.505,South,US,active,42,2022-04-03
CUS-00093,37,,79.005,West,US,active,16,2022-04-04
CUS-00094,61,,45.156,West,US,active,47,2022-04-05
CUS-00095,33,,50.875,South,US,active,24,2022-04-06
CUS-00096,31,,20.748,West,US,active,45,2022-04-07
CUS-00097,51,,67.762,South,US,active,75,2022-04-08
CUS-00098,49,,51.214,West,US,active,14,2022-04-09
CUS-00099,26,,44.478,East,US,active,89,2022-04-10
CUS-00100,58,,25.644,South,US,active,27,2022-04-11
CUS-00101,29,,73.379,North,US,active,107,2022-04-12
CUS-00102,57,,43.7,East,US,active,88,2022-04-13
CUS-00103,20,,60.955,South,US,active,33,2022-04-14
CUS-00104,56,,28.962,North,US,active,68,2022-04-15
CUS-00105,56,,77.693,North,US,active,14,2022-04-16
CUS-00106,55,,30.707,West,US,active,12,2022-04-17
CUS-00107,50,,31.973,North,US,active,114,2022-04-18
CUS-00108,41,,71.539,West,US,active,96,2022-04-19
CUS-00109,52,,74.755,West,US,active,19,2022-04-20
CUS-00110,32,,32.729,North,US,active,34,2022-04-21
CUS-00111,55,,48.188,East,US,active,24,2022-04-22
CUS-00112,45,,64.01,East,US,active,48,2022-04-23
CUS-00113,41,,72.702,South,US,active,35,2022-04-24
CUS-00114,43,,42.743,East,US,active,40,2022-04-25
CUS-00115,46,,51.021,South,US,active,63,2022-04-26
CUS-00116,21,,64.503,South,US,active,23,2022-04-27
CUS-00117,26,,63.868,South,US,active,106,2022-04-28
CUS-00118,31,,66.978,West,US,active,87,2022-04-29
CUS-00119,25,,54.196,East,US,active,91,2022-04-30
CUS-00120,40,,26.277,South,US,active,21,2022-05-01
CUS-00121,50,,74.238,West,US,active,85,2022-05-02
CUS-00122,50,,71.934,West,US,active,100,2022-05-03
CUS-00123,41,,67.886,West,US,active,21,2022-05-04
CUS-00124,59,,25.992,East,US,active,90,2022-05-05
CUS-00125,46,,32.264,South,US,active,43,2022-05-06
CUS-00126,23,,64.616,West,US,active,94,2022-05-07
CUS-00127,55,,21.388,South,US,active,57,2022-05-08
CUS-00128,46,,78.753,South,US,active,96,2022-05-09
CUS-00129,49,,42.629,South,US,active,18,2022-05-10
CUS-00130,46,,63.159,West,US,active,47,2022-05-11
CUS-00131,45,,73.254,East,US,active,33,2022-05-12
CUS-00132,24,,43.678,South,US,active,30,2022-05-13
CUS-00133,45,,39.148,South,US,active,37,2022-05-14
CUS-00134,56,,56.524,South,US,active,46,2022-05-15
CUS-00135,33,,54.859,East,US,active,16,2022-05-16
CUS-00136,47,,44.548,South,US,active,85,2022-05-17
CUS-00137,21,,56.106,East,US,active,66,2022-05-18
CUS-00138,35,,76.123,South,US,active,99,2022-05-19
CUS-00139,40,,48.058,South,US,active,84,2022-05-20
CUS-00140,65,72757.63,31.805,West,US,active,18,2022-05-21
CUS-00141,29,97587.14,42.632,South,US,active,9,2022-05-22
CUS-00142,32,62127.74,43.646,North,US,active,51,2022-05-23
CUS-00143,38,36950.69,27.867,South,US,active,58,2022-05-24
CUS-00144,65,87459.56,29.772,East,US,active,29,2022-05-25
CUS-00145,59,58592.21,61.074,North,US,active,94,2022-05-26
CUS-00146,21,66510.33,40.369,South,US,active,70,2022-05-27
CUS-00147,30,83333.71,77.294,North,US,active,90,2022-05-28
CUS-00148,57,42568.37,34.616,East,US,active,13,2022-05-29
CUS-00149,22,47476.94,25.935,East,US,active,97,2022-05-30
CUS-00150,59,42582.11,65.21,West,US,active,25,2022-05-31
CUS-00151,32,53882.09,72.862,South,US,active,54,2022-06-01
CUS-00152,62,71154.91,36.687,West,US,active,53,2022-06-02
CUS-00153,33,72338.63,32.125,North,US,active,98,2022-06-03
CUS-00154,39,68867.84,31.146,West,US,active,33,2022-06-04
CUS-00155,50,45221.28,51.321,East,US,active,29,2022-06-05
CUS-00156,25,32658.55,48.105,West,US,active,41,2022-06-06
CUS-00157,45,65760.95,35.566,West,US,active,43,2022-06-07
CUS-00158,43,58395.14,22.71,East,US,active,22,2022-06-08
CUS-00159,56,71431.4,48.889,South,US,active,21,2022-06-09
CUS-00160,65,74827.35,77.56,East,US,active,28,2022-06-10
CUS-00161,50,66935.38,59.151,West,US,active,56,2022-06-11
CUS-00162,38,75641.86,49.73,West,US,active,41,2022-06-12
CUS-00163,38,68208.96,26.642,West,US,active,47,2022-06-13
CUS-00164,39,72420.91,35.146,North,US,active,86,2022-06-14
CUS-00165,57,55134.57,37.686,East,US,active,29,2022-06-15
CUS-00166,34,62485.44,65.888,North,US,active,109,2022-06-16
CUS-00167,27,67754.87,72.603,East,US,active,90,2022-06-17
CUS-00168,35,76487.4,74.099,West,US,active,21,2022-06-18
CUS-00169,21,59487.62,79.074,North,US,active,38,2022-06-19
CUS-00170,24,72296.34,78.942,East,US,active,22,2022-06-20
CUS-00171,24,61278.26,77.18,West,US,active,33,2022-06-21
CUS-00172,55,63354.41,24.309,West,US,active,44,2022-06-22
CUS-00173,53,76613.27,28.268,South,US,active,16,2022-06-23
CUS-00174,52,37097.15,38.268,North,US,active,2,2022-06-24
CUS-00175,41,46849.39,53.174,West,US,active,53,2022-06-25
CUS-00176,52,44249.4,25.819,West,US,active,84,2022-06-26
CUS-00177,27,32329.37,70.748,East,US,active,37,2022-06-27
CUS-00178,61,55504.3,57.005,West,US,active,103,2022-06-28
CUS-00179,43,75492.07,52.542,North,US,active,44,2022-06-29
CUS-00180,63,61011.62,29.919,East,US,active,108,2022-06-30
CUS-00181,27,67769.06,35.195,North,US,active,29,2022-07-01
CUS-00182,42,80249.04,29.619,West,US,active,65,2022-07-02
CUS-00183,52,83587.61,71.116,East,US,active,91,2022-07-03
CUS-00184,42,64032.07,55.054,West,US,active,8,2022-07-04
CUS-00185,40,83950.2,64.108,East,US,active,111,2022-07-05
CUS-00186,27,66289.77,37.762,North,US,active,44,2022-07-06
CUS-00187,37,53276.42,42.275,North,US,active,60,2022-07-07
CUS-00188,30,56678.4,44.291,South,US,active,75,2022-07-08
CUS-00189,33,44272.49,65.601,East,US,active,77,2022-07-09
CUS-00190,51,52566.13,66.341,North,US,active,3,2022-07-10
CUS-00191,48,59987.77,32.409,West,US,active,104,2022-07-11
CUS-00192,47,76250.19,76.492,North,US,active,75,2022-07-12
CUS-00193,36,89090.78,27.239,South,US,active,119,2022-07-13
CUS-00194,64,45649.46,73.767,North,US,active,57,2022-07-14
CUS-00195,24,70499.58,26.024,South,US,active,74,2022-07-15
CUS-00196,35,50432.38,35.872,South,US,active,53,2022-07-16
CUS-00197,25,71645.76,70.789,North,US,active,106,2022-07-17
CUS-00198,35,63164.79,30.77,East,US,active,100,2022-07-18
CUS-00199,64,39367.32,44.814,West,US,active,109,2022-07-19
CUS-00200,36,950000.0,46.992,West,US,active,61,2022-07-20
CUS-00201,61,950000.0,34.716,South,US,active,95,2022-07-21
CUS-00202,42,950000.0,62.615,West,US,active,43,2022-07-22
CUS-00203,52,950000.0,71.08,West,US,active,55,2022-07-23
CUS-00204,41,950000.0,72.475,West,US,active,91,2022-07-24
CUS-00205,32,950000.0,40.359,South,US,active,10,2022-07-25
CUS-00206,55,950000.0,51.851,West,US,active,85,2022-07-26
CUS-00207,64,950000.0,34.904,East,US,active,2,2022-07-27
CUS-00208,32,950000.0,34.688,North,US,active,70,2022-07-28
CUS-00209,55,950000.0,29.675,South,US,active,57,2022-07-29
CUS-00210,32,950000.0,76.401,East,US,active,56,2022-07-30
CUS-00211,52,950000.0,73.279,North,US,active,59,2022-07-31
CUS-00212,56,950000.0,66.642,South,US,active,59,2022-08-01
CUS-00213,40,950000.0,51.06,West,US,active,49,2022-08-02
CUS-00214,53,950000.0,49.436,North,US,active,54,2022-08-03
CUS-00215,32,950000.0,51.785,South,US,active,68,2022-08-04
CUS-00216,23,950000.0,52.194,North,US,active,91,2022-08-05
CUS-00217,24,950000.0,46.074,East,US,active,66,2022-08-06
CUS-00218,40,950000.0,27.905,North,US,active,77,2022-08-07
CUS-00219,61,950000.0,27.54,West,US,active,100,2022-08-08
CUS-00220,25,950000.0,77.135,North,US,active,118,2022-08-09
CUS-00221,40,950000.0,48.922,West,US,active,13,2022-08-10
CUS-00222,52,950000.0,77.192,West,US,active,85,2022-08-11
CUS-00223,29,950000.0,29.815,West,US,active,27,2022-08-12
CUS-00224,53,950000.0,53.265,West,US,active,24,2022-08-13
CUS-00225,34,64637.92,32.463,North,US,active,95,2022-08-14
CUS-00226,57,69394.71,35.191,West,US,active,9,2022-08-15
CUS-00227,46,53332.84,21.803,East,US,active,101,2022-08-16
CUS-00228,45,42746.06,27.137,West,US,active,92,2022-08-17
CUS-00229,28,35978.23,75.011,West,US,active,119,2022-08-18
CUS-00230,41,49356.62,39.292,East,US,active,80,2022-08-19
CUS-00231,59,58578.55,56.488,South,US,active,104,2022-08-20
CUS-00232,20,60895.32,47.901,North,US,active,15,2022-08-21
CUS-00233,54,92121.24,44.027,North,US,active,106,2022-08-22
CUS-00234,42,80483.91,51.913,South,US,active,20,2022-08-23
CUS-00235,53,51530.72,31.234,West,US,active,38,2022-08-24
CUS-00236,50,69867.92,79.316,East,US,active,16,2022-08-25
CUS-00237,39,59300.9,69.098,South,US,active,48,2022-08-26
CUS-00238,34,61018.91,64.497,North,US,active,90,2022-08-27
CUS-00239,48,67594.56,48.126,East,US,active,32,2022-08-28
CUS-00240,26,73668.4,29.173,East,US,active,98,2022-08-29
CUS-00241,46,60250.38,75.24,West,US,active,73,2022-08-30
CUS-00242,24,79893.92,40.483,East,US,active,75,2022-08-31
CUS-00243,49,49012.86,23.006,East,US,active,112,2022-09-01
CUS-00244,48,65088.75,40.544,West,US,active,52,2022-09-02
CUS-00245,23,101367.43,67.667,South,US,active,42,2022-09-03
CUS-00246,54,68123.12,57.363,West,US,active,119,2022-09-04
CUS-00247,39,85065.0,65.05,South,US,active,67,2022-09-05
CUS-00248,56,66281.28,67.618,North,US,active,74,2022-09-06
CUS-00249,21,73130.88,32.717,South,US,active,36,2022-09-07
CUS-00250,28,64205.04,75.427,North,US,active,26,2022-09-08
CUS-00251,42,62614.29,46.279,North,US,active,21,2022-09-09
CUS-00252,28,54087.25,58.341,West,US,active,27,2022-09-10
CUS-00253,35,71024.22,20.139,West,US,active,24,2022-09-11
CUS-00254,50,53078.48,79.602,North,US,active,89,2022-09-12
CUS-00255,26,74318.19,36.854,West,US,active,7,2022-09-13
CUS-00256,51,80194.02,23.724,North,US,active,75,2022-09-14
CUS-00257,24,70131.44,47.496,South,US,active,113,2022-09-15
CUS-00258,28,60992.52,27.742,East,US,active,92,2022-09-16
CUS-00259,47,71355.52,29.14,South,US,active,48,2022-09-17
CUS-00260,56,60678.58,57.937,East,US,active,8,2022-09-18
CUS-00261,27,78097.66,43.576,West,US,active,100,2022-09-19
CUS-00262,33,39360.31,75.311,North,US,active,1,2022-09-20
CUS-00263,62,60301.5,39.149,North,US,active,82,2022-09-21
CUS-00264,65,37128.63,63.571,West,US,active,80,2022-09-22
CUS-00265,46,44069.15,47.666,East,US,active,23,2022-09-23
CUS-00266,40,84094.07,59.597,East,US,active,89,2022-09-24
CUS-00267,35,77532.59,55.982,South,US,active,21,2022-09-25
CUS-00268,48,54927.28,48.367,South,US,active,27,2022-09-26
CUS-00269,47,43964.95,77.004,East,US,active,97,2022-09-27
CUS-00270,33,23496.6,40.563,East,US,active,117,2022-09-28
CUS-00271,21,57391.06,30.634,North,US,active,32,2022-09-29
CUS-00272,26,98885.81,60.686,East,US,active,110,2022-09-30
CUS-00273,64,71088.38,70.76,East,US,active,109,2022-10-01
CUS-00274,39,57165.99,22.415,North,US,active,92,2022-10-02
CUS-00275,42,71511.12,46.978,South,US,active,17,2022-10-03
CUS-00276,41,43146.58,73.549,West,US,active,36,2022-10-04
CUS-00277,56,60837.47,64.977,East,US,active,81,2022-10-05
CUS-00278,22,66392.68,79.508,North,US,active,119,2022-10-06
CUS-00279,23,63794.59,51.885,North,US,active,97,2022-10-07
CUS-00280,32,76071.29,59.6,East,US,active,51,2022-10-08
CUS-00281,42,69825.03,38.149,South,US,active,28,2022-10-09
CUS-00282,50,74356.56,76.852,West,US,active,115,2022-10-10
CUS-00283,42,55362.79,41.98,East,US,active,33,2022-10-11
CUS-00284,40,77569.42,64.311,West,US,active,41,2022-10-12
CUS-00285,63,87805.12,44.188,North,US,active,115,2022-10-13
CUS-00286,27,51417.91,53.709,South,US,active,67,2022-10-14
CUS-00287,46,52572.26,63.187,North,US,active,32,2022-10-15
CUS-00288,44,83700.98,50.536,East,US,active,1,2022-10-16
CUS-00289,41,62321.18,74.425,North,US,active,52,2022-10-17
CUS-00290,57,84653.5,45.158,South,US,active,118,2022-10-18
CUS-00291,32,58804.5,58.824,South,US,active,52,2022-10-19
CUS-00292,63,85370.64,40.542,North,US,active,84,2022-10-20
CUS-00293,35,66840.8,44.489,North,US,active,31,2022-10-21
CUS-00294,45,68615.2,46.403,East,US,active,93,2022-10-22
CUS-00295,43,86906.05,27.548,West,US,active,93,2022-10-23
CUS-00296,59,59935.21,25.503,North,US,active,73,2022-10-24
CUS-00297,40,51824.29,60.049,South,US,active,92,2022-10-25
CUS-00298,33,58720.1,59.331,North,US,active,69,2022-10-26
CUS-00299,20,71332.68,59.775,West,US,active,46,2022-10-27
CUS-00300,36,43079.37,21.186,South,US,active,88,2022-10-28
CUS-00301,58,73924.59,39.593,West,US,active,100,2022-10-29
CUS-00302,20,57457.2,31.869,North,US,active,101,2022-10-30
CUS-00303,61,81069.38,66.689,North,US,active,26,2022-10-31
CUS-00304,44,31480.36,71.638,East,US,active,81,2022-11-01
CUS-00305,26,53988.08,34.801,East,US,active,1,2022-11-02
CUS-00306,33,41389.45,60.071,West,US,active,69,2022-11-03
CUS-00307,45,53432.79,27.762,West,US,active,68,2022-11-04
CUS-00308,34,68467.32,36.509,West,US,active,44,2022-11-05
CUS-00309,24,62490.83,28.319,East,US,active,119,2022-11-06
CUS-00310,50,61452.71,37.011,South,US,active,106,2022-11-07
CUS-00311,50,62771.41,60.484,South,US,active,5,2022-11-08
CUS-00312,25,67847.44,74.62,North,US,active,25,2022-11-09
CUS-00313,32,50880.5,32.151,South,US,active,25,2022-11-10
CUS-00314,31,74895.89,52.525,South,US,active,107,2022-11-11
CUS-00315,50,74277.32,62.083,North,US,active,62,2022-11-12
CUS-00316,53,70390.53,77.175,North,US,active,87,2022-11-13
CUS-00317,53,72791.47,56.604,East,US,active,97,2022-11-14
CUS-00318,63,69149.85,35.306,South,US,active,92,2022-11-15
CUS-00319,55,93491.03,57.529,West,US,active,11,2022-11-16
CUS-00320,34,63780.68,39.229,South,US,active,17,2022-11-17
CUS-00321,24,60700.83,78.568,West,US,active,48,2022-11-18
CUS-00322,48,54450.61,43.981,East,US,active,41,2022-11-19
CUS-00323,62,50548.32,61.126,North,US,active,89,2022-11-20
CUS-00324,64,47577.39,21.394,North,US,active,19,2022-11-21
CUS-00325,30,52556.84,44.004,East,US,active,45,2022-11-22
CUS-00326,30,64010.47,72.506,East,US,active,29,2022-11-23
CUS-00327,21,69680.13,56.614,South,US,active,23,2022-11-24
CUS-00328,26,65715.99,46.637,East,US,active,21,2022-11-25
CUS-00329,45,54282.51,76.156,West,US,active,24,2022-11-26
CUS-00330,45,77602.58,71.239,South,US,active,68,2022-11-27
CUS-00331,37,75351.78,39.333,North,US,active,49,2022-11-28
CUS-00332,34,62764.92,52.673,South,US,active,52,2022-11-29
CUS-00333,58,55859.17,49.389,West,US,active,58,2022-11-30
CUS-00334,41,72677.99,57.932,West,US,active,89,2022-12-01
CUS-00335,57,67631.63,40.047,West,US,active,103,2022-12-02
CUS-00336,64,44726.22,34.652,West,US,active,63,2022-12-03
CUS-00337,34,64048.28,74.76,North,US,active,77,2022-12-04
CUS-00338,29,68668.5,75.432,South,US,active,88,2022-12-05
CUS-00339,63,52404.27,70.599,North,US,active,83,2022-12-06
CUS-00340,49,67657.81,78.692,North,US,active,16,2022-12-07
CUS-00341,33,44632.49,64.699,West,US,active,117,2022-12-08
CUS-00342,48,83706.61,65.88,West,US,active,20,2022-12-09
CUS-00343,43,82471.3,65.755,North,US,active,50,2022-12-10
CUS-00344,61,61464.76,48.836,East,US,active,78,2022-12-11
CUS-00345,31,70088.36,47.387,East,US,active,48,2022-12-12
CUS-00346,65,31261.09,34.414,North,US,active,29,2022-12-13
CUS-00347,63,48811.13,58.689,West,US,active,110,2022-12-14
CUS-00348,28,60887.1,37.359,West,US,active,9,2022-12-15
CUS-00349,27,49990.14,35.469,East,US,active,30,2022-12-16
CUS-00350,44,75001.55,55.158,East,US,active,119,2022-12-17
CUS-00351,22,92962.15,44.599,South,US,active,87,2022-12-18
CUS-00352,33,48527.39,33.131,West,US,active,11,2022-12-19
CUS-00353,40,53275.51,68.963,South,US,active,90,2022-12-20
CUS-00354,64,68296.28,71.634,West,US,active,116,2022-12-21
CUS-00355,65,87555.63,30.062,North,US,active,12,2022-12-22
CUS-00356,26,47886.76,20.45,North,US,active,50,2022-12-23
CUS-00357,61,68486.51,40.168,West,US,active,56,2022-12-24
CUS-00358,24,90498.18,67.851,South,US,active,16,2022-12-25
CUS-00359,54,41875.37,70.35,South,US,active,24,2022-12-26
CUS-00360,58,47065.03,28.3,West,US,active,21,2022-12-27
CUS-00361,60,59069.51,66.46,North,US,active,23,2022-12-28
CUS-00362,30,57711.76,26.942,East,US,active,49,2022-12-29
CUS-00363,61,76376.42,43.404,South,US,active,56,2022-12-30
CUS-00364,25,68383.24,79.917,North,US,active,29,2022-12-31
CUS-00365,43,40150.53,31.555,West,US,active,35,2023-01-01
CUS-00366,41,72215.75,29.238,North,US,active,23,2023-01-02
CUS-00367,34,56914.46,45.368,North,US,active,95,2023-01-03
CUS-00368,21,82842.26,57.18,East,US,active,26,2023-01-04
CUS-00369,55,56213.77,75.974,West,US,active,109,2023-01-05
CUS-00370,35,56087.39,78.849,North,US,active,65,2023-01-06
CUS-00371,50,72575.84,24.178,East,US,active,96,2023-01-07
CUS-00372,38,75680.97,28.28,East,US,active,76,2023-01-08
CUS-00373,37,71273.39,67.444,West,US,active,32,2023-01-09
CUS-00374,60,41401.64,36.238,North,US,active,72,2023-01-10
CUS-00375,24,72532.48,73.091,West,US,active,33,2023-01-11
CUS-00376,53,50519.69,59.807,East,US,active,15,2023-01-12
CUS-00377,54,68293.87,26.711,West,US,active,31,2023-01-13
CUS-00378,37,45067.72,69.952,South,US,active,33,2023-01-14
CUS-00379,32,71248.51,30.581,West,US,active,17,2023-01-15
CUS-00380,20,53707.62,45.41,East,US,active,3,2023-01-16
CUS-00381,63,47043.11,53.131,North,US,active,113,2023-01-17
CUS-00382,63,74993.48,50.046,West,US,active,62,2023-01-18
CUS-00383,31,68383.02,61.17,West,US,active,48,2023-01-19
CUS-00384,21,56404.32,59.161,South,US,active,111,2023-01-20
CUS-00385,25,85316.5,79.523,East,US,active,27,2023-01-21
CUS-00386,23,58830.87,79.965,South,US,active,48,2023-01-22
CUS-00387,58,65449.51,50.988,East,US,active,101,2023-01-23
CUS-00388,61,68764.79,25.712,West,US,active,76,2023-01-24
CUS-00389,27,56324.68,63.671,West,US,active,48,2023-01-25
CUS-00390,54,71595.91,78.6,North,US,active,31,2023-01-26
CUS-00391,28,57531.67,39.1,West,US,active,5,2023-01-27
CUS-00392,36,59237.06,47.673,South,US,active,11,2023-01-28
CUS-00393,47,84077.0,45.487,East,US,active,20,2023-01-29
CUS-00394,53,50431.8,23.085,West,US,active,94,2023-01-30
CUS-00395,60,31221.08,60.336,South,US,active,77,2023-01-31
CUS-00396,22,87553.12,41.2,South,US,active,52,2023-02-01
CUS-00397,29,100690.59,67.248,South,US,active,94,2023-02-02
CUS-00398,32,59326.23,69.927,West,US,active,20,2023-02-03
CUS-00399,34,37884.27,69.274,South,US,active,26,2023-02-04
CUS-00400,65,60653.22,45.0,South,US,active,47,2023-02-05
CUS-00401,55,60992.88,39.293,South,US,active,110,2023-02-06
CUS-00402,34,62341.07,64.929,North,US,active,74,2023-02-07
CUS-00403,64,49412.57,68.083,South,US,active,102,2023-02-08
CUS-00404,42,73113.86,49.475,North,US,active,30,2023-02-09
CUS-00405,43,72343.1,73.582,North,US,active,101,2023-02-10
CUS-00406,39,44078.32,28.635,East,US,active,9,2023-02-11
CUS-00407,26,74788.75,72.744,North,US,active,28,2023-02-12
CUS-00408,62,93737.59,25.766,East,US,active,63,2023-02-13
CUS-00409,20,67407.44,29.212,West,US,active,7,2023-02-14
CUS-00410,28,60277.45,52.03,East,US,active,103,2023-02-15
CUS-00411,30,63011.95,24.051,South,US,active,104,2023-02-16
CUS-00412,32,73613.59,23.168,North,US,active,65,2023-02-17
CUS-00413,26,40770.6,20.031,West,US,active,37,2023-02-18
CUS-00414,20,67301.47,46.179,West,US,active,12,2023-02-19
CUS-00415,51,59533.5,66.477,East,US,active,74,2023-02-20
CUS-00416,64,90869.55,22.09,North,US,active,64,2023-02-21
CUS-00417,25,62561.58,59.135,North,US,active,91,2023-02-22
CUS-00418,33,88350.43,69.388,South,US,active,72,2023-02-23
CUS-00419,43,49547.63,30.08,North,US,active,16,2023-02-24
CUS-00420,62,73221.63,28.812,West,US,active,15,2023-02-25
CUS-00421,51,69471.6,71.648,North,US,active,93,2023-02-26
CUS-00422,55,52833.34,69.387,South,US,active,19,2023-02-27
CUS-00423,46,67483.55,52.337,West,US,active,112,2023-02-28
CUS-00424,39,81975.26,69.152,West,US,active,13,2023-03-01
CUS-00425,29,60466.92,25.565,North,US,active,87,2023-03-02
CUS-00426,59,41312.52,43.669,South,US,active,117,2023-03-03
CUS-00427,56,64754.12,64.268,East,US,active,53,2023-03-04
CUS-00428,21,52366.08,35.447,East,US,active,7,2023-03-05
CUS-00429,52,60207.23,65.14,West,US,active,105,2023-03-06
CUS-00430,23,63857.77,50.251,West,US,active,23,2023-03-07
CUS-00431,53,41120.87,65.016,West,US,active,63,2023-03-08
CUS-00432,57,42380.78,47.881,North,US,active,118,2023-03-09
CUS-00433,26,71748.94,42.074,North,US,active,89,2023-03-10
CUS-00434,39,57681.94,33.151,East,US,active,6,2023-03-11
CUS-00435,25,29093.58,32.503,North,US,active,98,2023-03-12
CUS-00436,46,75987.82,65.089,South,US,active,20,2023-03-13
CUS-00437,62,68813.18,27.135,North,US,active,90,2023-03-14
CUS-00438,23,55005.75,25.159,West,US,active,74,2023-03-15
CUS-00439,38,46564.38,30.577,North,US,active,35,2023-03-16
CUS-00440,64,76701.31,30.521,North,US,active,51,2023-03-17
CUS-00441,33,69890.91,69.386,North,US,active,15,2023-03-18
CUS-00442,26,98356.43,43.91,North,US,active,118,2023-03-19
CUS-00443,42,70882.64,79.423,East,US,active,29,2023-03-20
CUS-00444,43,70427.84,28.233,South,US,active,37,2023-03-21
CUS-00445,50,62663.01,59.212,West,US,active,60,2023-03-22
CUS-00446,34,76434.86,46.924,South,US,active,81,2023-03-23
CUS-00447,63,73751.19,43.575,East,US,active,61,2023-03-24
CUS-00448,43,82524.15,72.505,East,US,active,61,2023-03-25
CUS-00449,33,57701.48,78.536,East,US,active,70,2023-03-26
CUS-00450,64,58904.3,72.372,West,US,active,103,2023-03-27
CUS-00451,62,58292.56,31.538,North,US,active,48,2023-03-28
CUS-00452,42,76071.22,33.248,East,US,active,100,2023-03-29
CUS-00453,21,85977.24,59.364,West,US,active,94,2023-03-30
CUS-00454,47,58576.23,37.345,West,US,active,115,2023-03-31
CUS-00455,45,59053.17,64.084,East,US,active,109,2023-04-01
CUS-00456,26,69397.08,53.985,East,US,active,95,2023-04-02
CUS-00457,49,61559.34,53.055,West,US,active,30,2023-04-03
CUS-00458,58,78328.75,69.713,East,US,active,93,2023-04-04
CUS-00459,24,33475.12,62.632,West,US,active,88,2023-04-05
CUS-00460,53,53426.13,21.595,North,US,active,35,2023-04-06
CUS-00461,26,54046.17,22.968,South,US,active,81,2023-04-07
CUS-00462,54,32515.02,56.094,North,US,active,31,2023-04-08
CUS-00463,39,51509.06,49.172,North,US,active,63,2023-04-09
CUS-00464,20,52187.81,35.611,South,US,active,95,2023-04-10
CUS-00465,64,62184.53,45.119,North,US,active,23,2023-04-11
CUS-00466,27,80581.52,65.475,South,US,active,41,2023-04-12
CUS-00467,47,61569.15,69.597,South,US,active,95,2023-04-13
CUS-00468,28,50568.61,53.673,East,US,active,55,2023-04-14
CUS-00469,62,64202.64,43.122,West,US,active,115,2023-04-15
CUS-00470,53,79688.43,36.242,West,US,paused,1,2023-04-16
CUS-00471,57,51336.58,51.315,South,US,paused,86,2023-04-17
CUS-00472,39,52251.95,38.885,South,US,paused,97,2023-04-18
CUS-00473,41,72819.69,53.846,West,US,paused,110,2023-04-19
CUS-00474,49,61898.49,60.599,North,US,paused,19,2023-04-20
CUS-00475,56,74064.79,23.965,East,US,paused,118,2023-04-21
CUS-00476,58,64808.94,20.064,South,US,paused,47,2023-04-22
CUS-00477,20,74823.29,32.737,North,US,paused,42,2023-04-23
CUS-00478,50,50508.91,73.671,East,US,paused,43,2023-04-24
CUS-00479,25,64830.81,58.777,South,US,paused,76,2023-04-25
CUS-00300,36,43079.37,21.186,South,US,active,88,2022-10-28
CUS-00301,58,73924.59,39.593,West,US,active,100,2022-10-29
CUS-00302,20,57457.2,31.869,North,US,active,101,2022-10-30
CUS-00303,61,81069.38,66.689,North,US,active,26,2022-10-31
CUS-00304,44,31480.36,71.638,East,US,active,81,2022-11-01
CUS-00305,26,53988.08,34.801,East,US,active,1,2022-11-02
CUS-00306,33,41389.45,60.071,West,US,active,69,2022-11-03
CUS-00307,45,53432.79,27.762,West,US,active,68,2022-11-04
CUS-00308,34,68467.32,36.509,West,US,active,44,2022-11-05
CUS-00309,24,62490.83,28.319,East,US,active,119,2022-11-06
CUS-00310,50,61452.71,37.011,South,US,active,106,2022-11-07
CUS-00311,50,62771.41,60.484,South,US,active,5,2022-11-08
CUS-00312,25,67847.44,74.62,North,US,active,25,2022-11-09
CUS-00313,32,50880.5,32.151,South,US,active,25,2022-11-10
CUS-00314,31,74895.89,52.525,South,US,active,107,2022-11-11
CUS-00315,50,74277.32,62.083,North,US,active,62,2022-11-12
CUS-00316,53,70390.53,77.175,North,US,active,87,2022-11-13
CUS-00317,53,72791.47,56.604,East,US,active,97,2022-11-14
CUS-00318,63,69149.85,35.306,South,US,active,92,2022-11-15
CUS-00319,55,93491.03,57.529,West,US,active,11,2022-11-16
